1966-01-01,,,
1966-01-02,,,
1966-01-03,,,
1966-01-04,,,
1966-01-05,,,
1966-01-06,,,
1966-01-07,,,
1966-01-08,,,
1966-01-09,,,
1966-01-10,,,
1966-01-11,,,
1966-01-12,,,
1966-01-13,,,
1966-01-14,,,
1966-01-15,,,
1966-01-16,,,
1966-01-17,,,
1966-01-18,,,
1966-01-19,,,
1966-01-20,,,
1966-01-21,,,
1966-01-22,,,
1966-01-23,,,
1966-01-24,,,
1966-01-25,,,
1966-01-26,,,
1966-01-27,,,
1966-01-28,,,
1966-01-29,,,
1966-01-30,,,
1966-01-31,,,
1966-02-01,,,
1966-02-02,,,
1966-02-03,,,
1966-02-04,,,
1966-02-05,,,
1966-02-06,,,
1966-02-07,,,
1966-02-08,,,
1966-02-09,,,
1966-02-10,,,
1966-02-11,,,
1966-02-12,,,
1966-02-13,,,
1966-02-14,,,
1966-02-15,,,
1966-02-16,,,
1966-02-17,,,
1966-02-18,,,
1966-02-19,,,
1966-02-20,,,
1966-02-21,,,
1966-02-22,,,
1966-02-23,,,
1966-02-24,,,
1966-02-25,,,
1966-02-26,,,
1966-02-27,,,
1966-02-28,,,
1966-03-01,,,
1966-03-02,,,
1966-03-03,,,
1966-03-04,,,
1966-03-05,,,
1966-03-06,,,
1966-03-07,,,
1966-03-08,,,
1966-03-09,,,
1966-03-10,,,
1966-03-11,,,
1966-03-12,,,
1966-03-13,,,
1966-03-14,,,
1966-03-15,,,
1966-03-16,,,
1966-03-17,,,
1966-03-18,,,
1966-03-19,,,
1966-03-20,,,
1966-03-21,,,
1966-03-22,,,
1966-03-23,,,
1966-03-24,,,
1966-03-25,,,
1966-03-26,,,
1966-03-27,,,
1966-03-28,,,
1966-03-29,,,
1966-03-30,,,
1966-03-31,,,
1966-04-01,,,
1966-04-02,,,
1966-04-03,,,
1966-04-04,,,
1966-04-05,,,
1966-04-06,,,
1966-04-07,,,
1966-04-08,,,
1966-04-09,,,
1966-04-10,,,
1966-04-11,,,
1966-04-12,,,
1966-04-13,,,
1966-04-14,,,
1966-04-15,,,
1966-04-16,,,
1966-04-17,,,
1966-04-18,,,
1966-04-19,,,
1966-04-20,,,
1966-04-21,,,
1966-04-22,,,
1966-04-23,,,
1966-04-24,,,
1966-04-25,,,
1966-04-26,,,
1966-04-27,,,
1966-04-28,,,
1966-04-29,,,
1966-04-30,,,
1966-05-01,,,
1966-05-02,,,
1966-05-03,,,
1966-05-04,,,
1966-05-05,,,
1966-05-06,,,
1966-05-07,,,
1966-05-08,,,
1966-05-09,,,
1966-05-10,,,
1966-05-11,,,
1966-05-12,,,
1966-05-13,,,
1966-05-14,,,
1966-05-15,,,
1966-05-16,,,
1966-05-17,,,
1966-05-18,,,
1966-05-19,,,
1966-05-20,,,
1966-05-21,,,
1966-05-22,,,
1966-05-23,,,
1966-05-24,,,
1966-05-25,,,
1966-05-26,,,
1966-05-27,,,
1966-05-28,,,
1966-05-29,,,
1966-05-30,,,
1966-05-31,,,
1966-06-01,,,
1966-06-02,,,
1966-06-03,,,
1966-06-04,,,
1966-06-05,,,
1966-06-06,,,
1966-06-07,,,
1966-06-08,,,
1966-06-09,,,
1966-06-10,,,
1966-06-11,,,
1966-06-12,,,
1966-06-13,,,
1966-06-14,,,
1966-06-15,,,
1966-06-16,,,
1966-06-17,,,
1966-06-18,,,
1966-06-19,,,
1966-06-20,,,
1966-06-21,,,
1966-06-22,,,
1966-06-23,,,
1966-06-24,,,
1966-06-25,,,
1966-06-26,,,
1966-06-27,,,
1966-06-28,,,
1966-06-29,,,
1966-06-30,,,
1966-07-01,,,
1966-07-02,,,
1966-07-03,,,
1966-07-04,,,
1966-07-05,,,
1966-07-06,,,
1966-07-07,,,
1966-07-08,,,
1966-07-09,,,
1966-07-10,,,
1966-07-11,,,
1966-07-12,,,
1966-07-13,,,
1966-07-14,,,
1966-07-15,,,
1966-07-16,,,
1966-07-17,,,
1966-07-18,,,
1966-07-19,,,
1966-07-20,,,
1966-07-21,,,
1966-07-22,,,
1966-07-23,,,
1966-07-24,,,
1966-07-25,,,
1966-07-26,,,
1966-07-27,,,
1966-07-28,,,
1966-07-29,,,
1966-07-30,,,
1966-07-31,,,
1966-08-01,,,
1966-08-02,,,
1966-08-03,,,
1966-08-04,,,
1966-08-05,,,
1966-08-06,,,
1966-08-07,,,
1966-08-08,,,
1966-08-09,,,
1966-08-10,,,
1966-08-11,,,
1966-08-12,,,
1966-08-13,,,
1966-08-14,,,
1966-08-15,,,
1966-08-16,,,
1966-08-17,,,
1966-08-18,,,
1966-08-19,,,
1966-08-20,,,
1966-08-21,,,
1966-08-22,,,
1966-08-23,,,
1966-08-24,,,
1966-08-25,,,
1966-08-26,,,
1966-08-27,,,
1966-08-28,,,
1966-08-29,,,
1966-08-30,,,
1966-08-31,,,
1966-09-01,0,36,13
1966-09-02,6,35,14
1966-09-03,0,32,11
1966-09-04,8,31,10
1966-09-05,3,22,9
1966-09-06,16,23,6
1966-09-07,0,23,15
1966-09-08,0,25,16
1966-09-09,0,29,16
1966-09-10,0,27,15
1966-09-11,0,26,17
1966-09-12,20,22,15
1966-09-13,2,24,16
1966-09-14,1,21,18
1966-09-15,3,27,13
1966-09-16,0,27,16
1966-09-17,0,33,17
1966-09-18,0,29,17
1966-09-19,0,30,14
1966-09-20,0,26,12
1966-09-21,0,22,13
1966-09-22,0,27,14
1966-09-23,0,27,13
1966-09-24,0,28,12
1966-09-25,0,28,15
1966-09-26,10,25,10
1966-09-27,0,30,9
1966-09-28,0,27,16
1966-09-29,0,27,10
1966-09-30,0,24,13
1966-10-01,0,30,15
1966-10-02,0,29,14.5
1966-10-03,0,26,14
1966-10-04,0,27,14
1966-10-05,11,26,15
1966-10-06,9,29,13
1966-10-07,0,30,16
1966-10-08,0,27,12
1966-10-09,0,28,11
1966-10-10,0,27,12
1966-10-11,0,26,14
1966-10-12,0,30,14
1966-10-13,0,30,11
1966-10-14,0,24,11
1966-10-15,0,21,11
1966-10-16,0,27,12
1966-10-17,0,28,13
1966-10-18,0,28,10
1966-10-19,0,26,5
1966-10-20,0,25,7
1966-10-21,0,23,9
1966-10-22,0,25,10
1966-10-23,0,26,12
1966-10-24,0,23,13
1966-10-25,0,21,7
1966-10-26,0,21,6
1966-10-27,0,22,5
1966-10-28,0,21,8
1966-10-29,0,23,7
1966-10-30,0,22,6
1966-10-31,0,25,9
1966-11-01,0,20,10
1966-11-02,0,18,8
1966-11-03,0,25,7
1966-11-04,0,25,10
1966-11-05,0,23,10
1966-11-06,0,24,8
1966-11-07,0,23,11
1966-11-08,0,,11
1966-11-09,0,,12
1966-11-10,0,,5
1966-11-11,0,22,6
1966-11-12,0,23,6
1966-11-13,0,22,8
1966-11-14,0,22,6
1966-11-15,0,24,6
1966-11-16,0,24,7
1966-11-17,0,24,8
1966-11-18,0,25,8
1966-11-19,0,21,5
1966-11-20,0,23,7
1966-11-21,0,25,13
1966-11-22,0,25,9
1966-11-23,0,22,9
1966-11-24,0,24,9
1966-11-25,0,23,10
1966-11-26,0,24,13
1966-11-27,0,15,3
1966-11-28,0,22,0
1966-11-29,0,25,4
1966-11-30,0,21,4
1966-12-01,0,22,6
1966-12-02,0,21,5
1966-12-03,0,24,4
1966-12-04,0,21,7
1966-12-05,0,25,5
1966-12-06,0,25,11
1966-12-07,0,23,11
1966-12-08,0,21,9
1966-12-09,0,24,3
1966-12-10,0,20,0
1966-12-11,0,12,-2
1966-12-12,0,13,-1
1966-12-13,0,13,-2
1966-12-14,0,19,0
1966-12-15,0,15,-3
1966-12-16,0,14,-1
1966-12-17,0,20,-1
1966-12-18,0,20,-3
1966-12-19,0,20,0
1966-12-20,0,15,-1
1966-12-21,0,20,6
1966-12-22,2.5,12,1
1966-12-23,0,17,-3
1966-12-24,0,16,1
1966-12-25,0,19,0
1966-12-26,0,19,-5
1966-12-27,0,20,5
1966-12-28,0,19,-1
1966-12-29,0,17,-1.5
1966-12-30,0,,-2
1966-12-31,0,,-1
1967-01-01,0,,-1
1967-01-02,0,18,-2
1967-01-03,0,10,-1
1967-01-04,0,18,-2
1967-01-05,0,15,-1
1967-01-06,0,22,-2
1967-01-07,0,21,-1
1967-01-08,0,12,-3
1967-01-09,0,10,-6
1967-01-10,0,0,-4
1967-01-11,0,6,-2
1967-01-12,0,12,-1
1967-01-13,0,18,-1
1967-01-14,0,20,-5
1967-01-15,0,18,3
1967-01-16,0,19,-3
1967-01-17,0,20,-1
1967-01-18,0,21,-2
1967-01-19,0,18,-1
1967-01-20,0,23,2
1967-01-21,0,24,3
1967-01-22,0,23,5
1967-01-23,0,22,3
1967-01-24,0,22,3
1967-01-25,0,23,4
1967-01-26,0,18,6
1967-01-27,0,21,2
1967-01-28,0,22,2
1967-01-29,0,29,6
1967-01-30,0,26,7
1967-01-31,0,25,6
1967-02-01,0,23,6
1967-02-02,0,21,3
1967-02-03,0,20,2
1967-02-04,0,19,4
1967-02-05,0,21,9
1967-02-06,0,17,3
1967-02-07,0,20,-3
1967-02-08,0,20,-2
1967-02-09,0,21,-2
1967-02-10,0,25,-2
1967-02-11,0,12,5
1967-02-12,0,17,2
1967-02-13,0,21,3
1967-02-14,0,17,4
1967-02-15,0,21,6
1967-02-16,0,20,5
1967-02-17,0,19,6
1967-02-18,0,23,8
1967-02-19,0,18,9
1967-02-20,0,21,7
1967-02-21,0,22,3
1967-02-22,0,21,4
1967-02-23,0,20,5
1967-02-24,0,22,6
1967-02-25,0,23,4
1967-02-26,0,24,5
1967-02-27,0,17,6
1967-02-28,0,13,5
1967-03-01,0,18,7
1967-03-02,0,24,7
1967-03-03,0,24,9
1967-03-04,0,27,0
1967-03-05,0,23,9
1967-03-06,0,17,8
1967-03-07,0,22,4
1967-03-08,0,22,6
1967-03-09,0,24,9
1967-03-10,0,27,4
1967-03-11,0,29,9
1967-03-12,0,30,10
1967-03-13,0,29,11
1967-03-14,0,22,13
1967-03-15,0,21,11
1967-03-16,0,23,11
1967-03-17,0,25,9
1967-03-18,0,27,12
1967-03-19,0,25,3
1967-03-20,0,24,9
1967-03-21,0,26,9
1967-03-22,3,25,9
1967-03-23,0,24,11
1967-03-24,0,23,13
1967-03-25,0,25,12
1967-03-26,0,24,11
1967-03-27,0,29,12
1967-03-28,0,27,13
1967-03-29,0,28,11
1967-03-30,0,28,17
1967-03-31,0,27,11
1967-04-01,0,30,9
1967-04-02,0,27,14
1967-04-03,0,30,13
1967-04-04,0,29,9
1967-04-05,0,29,13
1967-04-06,0,28,17
1967-04-07,0,30,17
1967-04-08,0,30,18
1967-04-09,0,29,19
1967-04-10,0,30,14
1967-04-11,0,27,13
1967-04-12,0,28,15
1967-04-13,0,26,16
1967-04-14,0,25,14
1967-04-15,0,24,17
1967-04-16,0,27,15
1967-04-17,0,25,14
1967-04-18,0,24,13
1967-04-19,0,27,12
1967-04-20,0,29,16
1967-04-21,0,29,11
1967-04-22,0,27,11
1967-04-23,0,23,10
1967-04-24,0,32,12
1967-04-25,0,31,7
1967-04-26,0,30,10
1967-04-27,0,30,15
1967-04-28,0,30,18
1967-04-29,0,29,16
1967-04-30,0,29,13
1967-05-01,0,30,16
1967-05-02,0,29,15
1967-05-03,0,31,13
1967-05-04,0,28,14
1967-05-05,0,27,12
1967-05-06,0,31,12
1967-05-07,0,32,14
1967-05-08,0,33,15
1967-05-09,0,34,12
1967-05-10,0,33,13
1967-05-11,0,35,14
1967-05-12,0,36,15
1967-05-13,0,34,11
1967-05-14,0,31,12
1967-05-15,0,24,12
1967-05-16,0,26,11
1967-05-17,0,29,16
1967-05-18,0,31,14
1967-05-19,0,30,15
1967-05-20,0,31,17
1967-05-21,0,30,16
1967-05-22,0,29,12
1967-05-23,0,31,11
1967-05-24,5,27,13
1967-05-25,0,22,11
1967-05-26,0,31,11
1967-05-27,0,30,16
1967-05-28,0,31,15
1967-05-29,0,29,17
1967-05-30,0,30,12
1967-05-31,0,30,11
1967-06-01,0,27,12
1967-06-02,0,29,8
1967-06-03,6,27,14
1967-06-04,44,30,16
1967-06-05,0,30,17
1967-06-06,0,29,18
1967-06-07,0,34,13
1967-06-08,0,34,20
1967-06-09,0,29,18
1967-06-10,0,30,14
1967-06-11,0,30,12
1967-06-12,0,30,11
1967-06-13,0,32,12
1967-06-14,0,35,10
1967-06-15,0,34,12
1967-06-16,0,35,16
1967-06-17,0,25,14
1967-06-18,0,35,14
1967-06-19,0,30,19
1967-06-20,0,34,20
1967-06-21,0,31,13
1967-06-22,0,31,15
1967-06-23,0,33,23
1967-06-24,0,25,14
1967-06-25,7,28,14
1967-06-26,0,27,18
1967-06-27,0,26,14
1967-06-28,0,29,13
1967-06-29,0,28,14
1967-06-30,0,26,13
1967-07-01,0,30,19
1967-07-02,0,32,19
1967-07-03,0,31,18
1967-07-04,0,32,19
1967-07-05,0,30,20
1967-07-06,10,29,19
1967-07-07,0,32,17
1967-07-08,0,30,17
1967-07-09,2,27,18
1967-07-10,0,32,13
1967-07-11,0,32,18
1967-07-12,0,29,18
1967-07-13,0,32,19
1967-07-14,24,27,19
1967-07-15,0,30,17
1967-07-16,0,30,17
1967-07-17,0,32,17
1967-07-18,12,32,19
1967-07-19,14,29,18
1967-07-20,1,29,15
1967-07-21,0,30,17
1967-07-22,0,31,18
1967-07-23,0,30,
1967-07-24,0,30,
1967-07-25,0,33,
1967-07-26,0,33,20
1967-07-27,0,32,20
1967-07-28,0,34,21
1967-07-29,9.5,29,19
1967-07-30,0,32,17
1967-07-31,0,33,19
1967-08-01,11,33,22
1967-08-02,0,24,18
1967-08-03,0,25,18
1967-08-04,6.5,29,16
1967-08-05,0,30,17
1967-08-06,0,31,18
1967-08-07,45,33,19
1967-08-08,0,32,16
1967-08-09,1.5,30,18
1967-08-10,0,30,19
1967-08-11,0,29,18
1967-08-12,10,27,17
1967-08-13,1,25,18
1967-08-14,5,23,18
1967-08-15,0,26,15
1967-08-16,5,27,16
1967-08-17,0,21,17
1967-08-18,0,25,15
1967-08-19,0,27,14
1967-08-20,0,28,14
1967-08-21,0,27,17
1967-08-22,0,23,16
1967-08-23,0,28,15
1967-08-24,0,23,18
1967-08-25,0,24,14
1967-08-26,0,28,16
1967-08-27,0,27,14
1967-08-28,0,27,13
1967-08-29,0,25,16
1967-08-30,24.5,26,16
1967-08-31,55,19,15
1967-09-01,19,25,15
1967-09-02,0,28,15
1967-09-03,0,27,16
1967-09-04,0,27,16
1967-09-05,,21,15
1967-09-06,0,27,15
1967-09-07,0,24,12
1967-09-08,2,22,14
1967-09-09,0,22,13
1967-09-10,0,22,12
1967-09-11,0,30,13
1967-09-12,0,37,17
1967-09-13,0,30,18
1967-09-14,2.5,26,17
1967-09-15,34,25,14
1967-09-16,0,26,13
1967-09-17,0,28,15
1967-09-18,0,29,16
1967-09-19,0,29,16
1967-09-20,0,28,15
1967-09-21,0,23,15
1967-09-22,0,25,16
1967-09-23,0,25,16
1967-09-24,3,21,15
1967-09-25,0,28,12
1967-09-26,0,28,16
1967-09-27,0,27,16
1967-09-28,0,20,16
1967-09-29,0,24,10
1967-09-30,0,28,11
1967-10-01,0,29,13
1967-10-02,0,30,13
1967-10-03,0,,12
1967-10-04,0,,13
1967-10-05,0,,12
1967-10-06,0,31,15
1967-10-07,0,27,14
1967-10-08,0,27,10
1967-10-09,0,28,8
1967-10-10,0,29,14
1967-10-11,0,25,11
1967-10-12,0,27,13
1967-10-13,0,27,15
1967-10-14,0,25,13
1967-10-15,0,24,13
1967-10-16,0,18,9
1967-10-17,0,20,3
1967-10-18,0,23,4
1967-10-19,0,25,6
1967-10-20,0,26,8
1967-10-21,0,23,7
1967-10-22,0,26,7
1967-10-23,0,27,11
1967-10-24,0,27,13
1967-10-25,0,28,8
1967-10-26,0,30,11
1967-10-27,0,28,14
1967-10-28,0,29,12
1967-10-29,0,25,13
1967-10-30,0,20,5
1967-10-31,0,19,0
1967-11-01,0,28,4.5
1967-11-02,0,26,7
1967-11-03,0,22,7
1967-11-04,0,23,2
1967-11-05,0,21,8
1967-11-06,0,25,7
1967-11-07,0,17,4
1967-11-08,0,19,5
1967-11-09,0,19,6
1967-11-10,0,25,6
1967-11-11,0,25,6
1967-11-12,0,23,5
1967-11-13,0,21,5
1967-11-14,0,23,7
1967-11-15,0,25,6
1967-11-16,0,24,7
1967-11-17,0,22,7
1967-11-18,0,24,5
1967-11-19,0,22,7
1967-11-20,0,22,10
1967-11-21,0,24,12
1967-11-22,0,17,9
1967-11-23,0,21,11
1967-11-24,0,23,11
1967-11-25,0,23,13
1967-11-26,0,21,13
1967-11-27,0,24,11
1967-11-28,0,26,6
1967-11-29,0,25,7
1967-11-30,0,24,-1
1967-12-01,0,25,2
1967-12-02,0,16,5
1967-12-03,0,18,5
1967-12-04,0,19,6
1967-12-05,0,20,3
1967-12-06,0,22,5
1967-12-07,0,21,-3
1967-12-08,0,22,3
1967-12-09,0,19,4
1967-12-10,0,19,-5
1967-12-11,0,18,-3
1967-12-12,0,24,0
1967-12-13,0,24,-1
1967-12-14,2,12,1
1967-12-15,0,18,6
1967-12-16,0,18,3
1967-12-17,0,17,6
1967-12-18,0,20,7
1967-12-19,0,19,6
1967-12-20,0,20,7
1967-12-21,0,12,1
1967-12-22,0,12,-2
1967-12-23,0,13,-2
1967-12-24,0,13,2
1967-12-25,0,17,2
1967-12-26,0,23,2
1967-12-27,0,19,-5
1967-12-28,0,22,-2
1967-12-29,0,21,6
1967-12-30,0,19,5
1967-12-31,0,14,4
1968-01-01,0,18,6
1968-01-02,0,19,-1
1968-01-03,6,,-1
1968-01-04,0,,1
1968-01-05,0,,-1
1968-01-06,0,,0
1968-01-07,0,11,2
1968-01-08,0,14,2
1968-01-09,0,15,0
1968-01-10,0,16,0
1968-01-11,0,21,2
1968-01-12,0,13,2
1968-01-13,0,13,0
1968-01-14,0,19,-2
1968-01-15,0,20,5
1968-01-16,0,21,2
1968-01-17,0,19,2
1968-01-18,0,17,2
1968-01-19,0,15,-6
1968-01-20,0,11,-5
1968-01-21,0,12,-4
1968-01-22,0,16,-1
1968-01-23,0,11,-1
1968-01-24,0,17,-2
1968-01-25,0,20,0
1968-01-26,0,20,4
1968-01-27,0,18,8
1968-01-28,0,19,9
1968-01-29,0,19,4
1968-01-30,0,20,7
1968-01-31,0,18,7
1968-02-01,0,14,-2
1968-02-02,0,16,-2
1968-02-03,0,13,2
1968-02-04,0,18,2
1968-02-05,0,18,-2
1968-02-06,0,17,-2
1968-02-07,0,15,1
1968-02-08,0,20,3
1968-02-09,3,15,4
1968-02-10,0,18,7
1968-02-11,0,18,5
1968-02-12,0,15,6
1968-02-13,0,16,9
1968-02-14,10,16,10
1968-02-15,0,17,3
1968-02-16,9,18,5
1968-02-17,0,19,0
1968-02-18,0,20,7
1968-02-19,0,19,4
1968-02-20,0,26,7
1968-02-21,0,22,8
1968-02-22,0,21,10
1968-02-23,0,22,8
1968-02-24,0,24,5
1968-02-25,0,26,6
1968-02-26,0,25,8
1968-02-27,0,23,7
1968-02-28,0,18,9
1968-02-29,0,24,8
1968-03-01,0,16,2
1968-03-02,0,17,4
1968-03-03,0,15,5
1968-03-04,0,13,3
1968-03-05,0,14,6
1968-03-06,0,20,6
1968-03-07,0,21,5
1968-03-08,0,20,9
1968-03-09,6,11,9
1968-03-10,0,9,-3
1968-03-11,0,11,-3
1968-03-12,0,11,-4
1968-03-13,0,17,0
1968-03-14,0,16,5
1968-03-15,0,17,7
1968-03-16,0,19,4
1968-03-17,0,18,3
1968-03-18,0,21,5
1968-03-19,0,18,4
1968-03-20,3,13,2
1968-03-21,0,5,-3
1968-03-22,0,14,-3
1968-03-23,0,24,0
1968-03-24,0,27,9
1968-03-25,0,26,2
1968-03-26,0,28,5
1968-03-27,0,28,5
1968-03-28,0,26,10
1968-03-29,0,27,10
1968-03-30,0,29,11
1968-03-31,0,26,13
1968-04-01,0,26,5
1968-04-02,0,27,14
1968-04-03,0,29,12
1968-04-04,0,30,14
1968-04-05,0,28,13
1968-04-06,0,28,12
1968-04-07,0,22,10
1968-04-08,1,23,11
1968-04-09,0,22,8
1968-04-10,1,22,10
1968-04-11,24,17,8
1968-04-12,0,21,6
1968-04-13,0,24,6
1968-04-14,0,23,9
1968-04-15,0,31,9
1968-04-16,0,28,12
1968-04-17,0,26,12
1968-04-18,0,20,10
1968-04-19,0,26,10
1968-04-20,0,23,11
1968-04-21,0,25,6
1968-04-22,0,24,11
1968-04-23,0,23,7
1968-04-24,0,21,15
1968-04-25,0,29,7
1968-04-26,0,29,9
1968-04-27,0,29,8
1968-04-28,0,21,8
1968-04-29,6,22,13
1968-04-30,0,27,8
1968-05-01,0,30,9
1968-05-02,0,31,12
1968-05-03,0,32,10
1968-05-04,0,33,12
1968-05-05,0,29,11
1968-05-06,0,30,12
1968-05-07,0,29,11
1968-05-08,0,29.5,15
1968-05-09,0,29,14
1968-05-10,0,29,16
1968-05-11,0,28,18
1968-05-12,0,27,13
1968-05-13,0,30,11
1968-05-14,0,32,12
1968-05-15,0,34,12
1968-05-16,0,31,11
1968-05-17,0,30,10
1968-05-18,0,31,11
1968-05-19,0,32,13
1968-05-20,0,34,12
1968-05-21,0,33,12
1968-05-22,0,33,13
1968-05-23,0,34,15
1968-05-24,0,32,16
1968-05-25,0,34,15
1968-05-26,0,36,16
1968-05-27,0,34,19
1968-05-28,0,28,17
1968-05-29,0,32,17
1968-05-30,0,35,15
1968-05-31,0,34,16
1968-06-01,0,29,13
1968-06-02,0,31,16
1968-06-03,0,35,19
1968-06-04,0,35,14
1968-06-05,0,32,19
1968-06-06,0,34,22
1968-06-07,0,32,17
1968-06-08,0,28,14
1968-06-09,0,31,16
1968-06-10,0,34,19
1968-06-11,0,33,17
1968-06-12,0,34,18
1968-06-13,0,35,20
1968-06-14,0,31,18
1968-06-15,0,30,15
1968-06-16,0,33,10
1968-06-17,0,34,15
1968-06-18,0,32,14
1968-06-19,0,32,15
1968-06-20,0,32,16
1968-06-21,0,33,19
1968-06-22,0,35,20
1968-06-23,30,35,19
1968-06-24,0,37,13
1968-06-25,0,36,21
1968-06-26,0,37,20
1968-06-27,0,36,22
1968-06-28,0,35,21
1968-06-29,0,34,24
1968-06-30,0,35,24
1968-07-01,9,28,21
1968-07-02,42,24,18
1968-07-03,39,22,16
1968-07-04,7,24,16
1968-07-05,12,26,18
1968-07-06,20,23,13
1968-07-07,0,25,12
1968-07-08,6,26,12
1968-07-09,10,26,18
1968-07-10,1,25,18
1968-07-11,0,29,20
1968-07-12,0,31,20
1968-07-13,0,28,19
1968-07-14,1,32,14
1968-07-15,2,28,12
1968-07-16,0,31,20
1968-07-17,4,30,20
1968-07-18,3,30,19
1968-07-19,9,25,18
1968-07-20,0,27,15
1968-07-21,0,26.5,12
1968-07-22,5,30,11
1968-07-23,0,29,19
1968-07-24,20,27,18
1968-07-25,15,22,17
1968-07-26,3,24,16
1968-07-27,0,24,17
1968-07-28,11,25,16
1968-07-29,0,29,16
1968-07-30,0,28,17
1968-07-31,0,26,16
1968-08-01,4,36,20
1968-08-02,0,36,20
1968-08-03,0,33,17
1968-08-04,0,32,17
1968-08-05,0,30,19
1968-08-06,0,30,18
1968-08-07,4,31,17
1968-08-08,4,31,16
1968-08-09,0,33,15
1968-08-10,0,35,16
1968-08-11,0,29,17
1968-08-12,0,30,16
1968-08-13,12.5,32,17
1968-08-14,0,30,16
1968-08-15,0,30,15
1968-08-16,0,29,15
1968-08-17,0,32,14
1968-08-18,0,27,19
1968-08-19,12,31,14
1968-08-20,0,28,15
1968-08-21,1,27,18
1968-08-22,3,22,17
1968-08-23,2,28,17
1968-08-24,9,26,18
1968-08-25,0,26,16
1968-08-26,4,26,16
1968-08-27,0,23,18
1968-08-28,0,28,16
1968-08-29,0,28,16
1968-08-30,45,24,18
1968-08-31,,22,15
1968-09-01,3,21,16
1968-09-02,0,27,16
1968-09-03,0,25,15
1968-09-04,0,22,12
1968-09-05,0,26,14
1968-09-06,5,19,15
1968-09-07,0,24,16
1968-09-08,0,26,14
1968-09-09,3,23,15
1968-09-10,0,22,13
1968-09-11,0,23,10
1968-09-12,0,24,12
1968-09-13,0,25,14
1968-09-14,0,27,15
1968-09-15,0,29,15
1968-09-16,0,28,16
1968-09-17,0,27,15
1968-09-18,0,28,14
1968-09-19,0,30,15
1968-09-20,0,30,17
1968-09-21,0,27,17
1968-09-22,0,24,14
1968-09-23,0,29,13
1968-09-24,0,26,15
1968-09-25,0,24,13
1968-09-26,0,25,10
1968-09-27,0,26,8
1968-09-28,0,27,12
1968-09-29,0,23,10
1968-09-30,0,25,9
1968-10-01,0,27,11
1968-10-02,2,28,14
1968-10-03,0,29,16
1968-10-04,0,28,14
1968-10-05,0,30,10
1968-10-06,0,28,17
1968-10-07,0,29,12
1968-10-08,0,30,14
1968-10-09,0,30,11
1968-10-10,5,29,12
1968-10-11,2,27.5,13
1968-10-12,0,30,15
1968-10-13,0,28,17
1968-10-14,0,29,16
1968-10-15,0,29,16
1968-10-16,0,28,11
1968-10-17,0,26,9
1968-10-18,0,27,9
1968-10-19,0,29,10
1968-10-20,0,28,13
1968-10-21,0,29,13
1968-10-22,0,28,10
1968-10-23,0,27,9
1968-10-24,0,25,8
1968-10-25,0,27,9
1968-10-26,0,29,10
1968-10-27,0,28,12
1968-10-28,0,,9
1968-10-29,0,,10
1968-10-30,0,,12
1968-10-31,0,26,13
1968-11-01,,,
1968-11-02,,,
1968-11-03,,,
1968-11-04,,,
1968-11-05,,,
1968-11-06,,,
1968-11-07,,,
1968-11-08,,,
1968-11-09,,,
1968-11-10,,,
1968-11-11,,,
1968-11-12,,,
1968-11-13,,,
1968-11-14,,,
1968-11-15,,,
1968-11-16,,,
1968-11-17,,,
1968-11-18,,,
1968-11-19,,,
1968-11-20,,,
1968-11-21,,,
1968-11-22,,,
1968-11-23,,,
1968-11-24,,,
1968-11-25,,,
1968-11-26,,,
1968-11-27,,,
1968-11-28,,,
1968-11-29,,,
1968-11-30,,,
1968-12-01,,,
1968-12-02,,,
1968-12-03,,,
1968-12-04,,,
1968-12-05,,,
1968-12-06,,,
1968-12-07,,,
1968-12-08,,,
1968-12-09,,,
1968-12-10,,,
1968-12-11,,,
1968-12-12,,,
1968-12-13,,,
1968-12-14,,,
1968-12-15,,,
1968-12-16,,,
1968-12-17,,,
1968-12-18,,,
1968-12-19,,,
1968-12-20,,,
1968-12-21,,,
1968-12-22,,,
1968-12-23,,,
1968-12-24,,,
1968-12-25,,,
1968-12-26,,,
1968-12-27,,,
1968-12-28,,,
1968-12-29,,,
1968-12-30,,,
1968-12-31,,,
1969-01-01,,,
1969-01-02,,,
1969-01-03,,,
1969-01-04,,,
1969-01-05,,,
1969-01-06,,,
1969-01-07,,,
1969-01-08,,,
1969-01-09,,,
1969-01-10,,,
1969-01-11,,,
1969-01-12,,,
1969-01-13,,,
1969-01-14,,,
1969-01-15,,,
1969-01-16,,,
1969-01-17,,,
1969-01-18,,,
1969-01-19,,,
1969-01-20,,,
1969-01-21,,,
1969-01-22,,,
1969-01-23,,,
1969-01-24,,,
1969-01-25,,,
1969-01-26,,,
1969-01-27,,,
1969-01-28,,,
1969-01-29,,,
1969-01-30,,,
1969-01-31,,,
1969-02-01,0,19,-1
1969-02-02,0,18,0
1969-02-03,0,16,-2
1969-02-04,0,18,6
1969-02-05,0,20,6
1969-02-06,0,21,4
1969-02-07,0,15,6
1969-02-08,0,16,-3
1969-02-09,0,16,6
1969-02-10,0,20,7
1969-02-11,0,21,3
1969-02-12,0,22,6
1969-02-13,0,20,6
1969-02-14,0,17,5
1969-02-15,0,19,1
1969-02-16,0,20,-0.5
1969-02-17,0,19,0
1969-02-18,0,19,0
1969-02-19,0,19,1
1969-02-20,0,17,2
1969-02-21,0,18,0
1969-02-22,0,20,-1
1969-02-23,0,19,2
1969-02-24,0,20,2
1969-02-25,0,21,3
1969-02-26,0,23,3.5
1969-02-27,0,22,4
1969-02-28,0,21,4
1969-03-01,0,22,5
1969-03-02,0,17,5
1969-03-03,0,15,-3
1969-03-04,0,25,
1969-03-05,0,12,1
1969-03-06,0,17,-2
1969-03-07,0,19,2
1969-03-08,0,17,-1
1969-03-09,0,20,-1
1969-03-10,0,20,3
1969-03-11,0,18,8
1969-03-12,0,19,-2
1969-03-13,0,21,1
1969-03-14,0,17,8
1969-03-15,0,7,1
1969-03-16,0,10,-3
1969-03-17,0,20,-2
1969-03-18,0,24,-2
1969-03-19,0,27,7
1969-03-20,0,27,9
1969-03-21,0,23,7
1969-03-22,0,21,10
1969-03-23,0,24,6
1969-03-24,0,23,6
1969-03-25,0,17,3
1969-03-26,0,23,4
1969-03-27,0,17,6
1969-03-28,0,23,6
1969-03-29,0,22,7
1969-03-30,0,26,8
1969-03-31,0,28,9
1969-04-01,,,
1969-04-02,,,
1969-04-03,,,
1969-04-04,,,
1969-04-05,,,
1969-04-06,,,
1969-04-07,,,
1969-04-08,,,
1969-04-09,,,
1969-04-10,,,
1969-04-11,,,
1969-04-12,,,
1969-04-13,,,
1969-04-14,,,
1969-04-15,,,
1969-04-16,,,
1969-04-17,,,
1969-04-18,,,
1969-04-19,,,
1969-04-20,,,
1969-04-21,,,
1969-04-22,,,
1969-04-23,,,
1969-04-24,,,
1969-04-25,,,
1969-04-26,,,
1969-04-27,,,
1969-04-28,,,
1969-04-29,,,
1969-04-30,,,
1969-05-01,,,
1969-05-02,,,
1969-05-03,,,
1969-05-04,,,
1969-05-05,,,
1969-05-06,,,
1969-05-07,,,
1969-05-08,,,
1969-05-09,,,
1969-05-10,,,
1969-05-11,,,
1969-05-12,,,
1969-05-13,,,
1969-05-14,,,
1969-05-15,,,
1969-05-16,,,
1969-05-17,,,
1969-05-18,,,
1969-05-19,,,
1969-05-20,,,
1969-05-21,,,
1969-05-22,,,
1969-05-23,,,
1969-05-24,,,
1969-05-25,,,
1969-05-26,,,
1969-05-27,,,
1969-05-28,,,
1969-05-29,,,
1969-05-30,,,
1969-05-31,,,
1969-06-01,,,
1969-06-02,,,
1969-06-03,,,
1969-06-04,,,
1969-06-05,,,
1969-06-06,,,
1969-06-07,,,
1969-06-08,,,
1969-06-09,,,
1969-06-10,,,
1969-06-11,,,
1969-06-12,,,
1969-06-13,,,
1969-06-14,,,
1969-06-15,,,
1969-06-16,,,
1969-06-17,,,
1969-06-18,,,
1969-06-19,,,
1969-06-20,,,
1969-06-21,,,
1969-06-22,,,
1969-06-23,,,
1969-06-24,,,
1969-06-25,,,
1969-06-26,,,
1969-06-27,,,
1969-06-28,,,
1969-06-29,,,
1969-06-30,,,
1969-07-01,0,27,23
1969-07-02,0,30,19
1969-07-03,0,32,20
1969-07-04,0,29,22
1969-07-05,20,32,22
1969-07-06,16,29,19
1969-07-07,12,25,16
1969-07-08,15,27,18
1969-07-09,45,27,17
1969-07-10,0,28,17
1969-07-11,0,30,17
1969-07-12,0,30,16
1969-07-13,0,,18
1969-07-14,0,25,15
1969-07-15,0,26,15
1969-07-16,0,26,18
1969-07-17,0,27,20
1969-07-18,0,28,19
1969-07-19,0,28,18
1969-07-20,0,33,18
1969-07-21,0,32,20
1969-07-22,0,32,21
1969-07-23,0,33,20
1969-07-24,0,34,20
1969-07-25,0,34,20
1969-07-26,0,29,19
1969-07-27,0,30,18
1969-07-28,0,27,
1969-07-29,0,26,
1969-07-30,0,25,
1969-07-31,0,26,
1969-08-01,,,
1969-08-02,,,
1969-08-03,,,
1969-08-04,,,
1969-08-05,,,
1969-08-06,,,
1969-08-07,,,
1969-08-08,,,
1969-08-09,,,
1969-08-10,,,
1969-08-11,,,
1969-08-12,,,
1969-08-13,,,
1969-08-14,,,
1969-08-15,,,
1969-08-16,,,
1969-08-17,,,
1969-08-18,,,
1969-08-19,,,
1969-08-20,,,
1969-08-21,,,
1969-08-22,,,
1969-08-23,,,
1969-08-24,,,
1969-08-25,,,
1969-08-26,,,
1969-08-27,,,
1969-08-28,,,
1969-08-29,,,
1969-08-30,,,
1969-08-31,,,
1969-09-01,,,
1969-09-02,,,
1969-09-03,,,
1969-09-04,,,
1969-09-05,,,
1969-09-06,,,
1969-09-07,,,
1969-09-08,,,
1969-09-09,,,
1969-09-10,,,
1969-09-11,,,
1969-09-12,,,
1969-09-13,,,
1969-09-14,,,
1969-09-15,,,
1969-09-16,,,
1969-09-17,,,
1969-09-18,,,
1969-09-19,,,
1969-09-20,,,
1969-09-21,,,
1969-09-22,,,
1969-09-23,,,
1969-09-24,,,
1969-09-25,,,
1969-09-26,,,
1969-09-27,,,
1969-09-28,,,
1969-09-29,,,
1969-09-30,,,
1969-10-01,,,
1969-10-02,,,
1969-10-03,,,
1969-10-04,,,
1969-10-05,,,
1969-10-06,,,
1969-10-07,,,
1969-10-08,,,
1969-10-09,,,
1969-10-10,,,
1969-10-11,,,
1969-10-12,,,
1969-10-13,,,
1969-10-14,,,
1969-10-15,,,
1969-10-16,,,
1969-10-17,,,
1969-10-18,,,
1969-10-19,,,
1969-10-20,,,
1969-10-21,,,
1969-10-22,,,
1969-10-23,,,
1969-10-24,,,
1969-10-25,,,
1969-10-26,,,
1969-10-27,,,
1969-10-28,,,
1969-10-29,,,
1969-10-30,,,
1969-10-31,,,
1969-11-01,,,
1969-11-02,,,
1969-11-03,,,
1969-11-04,,,
1969-11-05,,,
1969-11-06,,,
1969-11-07,,,
1969-11-08,,,
1969-11-09,,,
1969-11-10,,,
1969-11-11,,,
1969-11-12,,,
1969-11-13,,,
1969-11-14,,,
1969-11-15,,,
1969-11-16,,,
1969-11-17,,,
1969-11-18,,,
1969-11-19,,,
1969-11-20,,,
1969-11-21,,,
1969-11-22,,,
1969-11-23,,,
1969-11-24,,,
1969-11-25,,,
1969-11-26,,,
1969-11-27,,,
1969-11-28,,,
1969-11-29,,,
1969-11-30,,,
1969-12-01,,,
1969-12-02,,,
1969-12-03,,,
1969-12-04,,,
1969-12-05,,,
1969-12-06,,,
1969-12-07,,,
1969-12-08,,,
1969-12-09,,,
1969-12-10,,,
1969-12-11,,,
1969-12-12,,,
1969-12-13,,,
1969-12-14,,,
1969-12-15,,,
1969-12-16,,,
1969-12-17,,,
1969-12-18,,,
1969-12-19,,,
1969-12-20,,,
1969-12-21,,,
1969-12-22,,,
1969-12-23,,,
1969-12-24,,,
1969-12-25,,,
1969-12-26,,,
1969-12-27,,,
1969-12-28,,,
1969-12-29,,,
1969-12-30,,,
1969-12-31,,,
1970-01-01,,,
1970-01-02,,,
1970-01-03,,,
1970-01-04,,,
1970-01-05,,,
1970-01-06,,,
1970-01-07,,,
1970-01-08,,,
1970-01-09,,,
1970-01-10,,,
1970-01-11,,,
1970-01-12,,,
1970-01-13,,,
1970-01-14,,,
1970-01-15,,,
1970-01-16,,,
1970-01-17,,,
1970-01-18,,,
1970-01-19,,,
1970-01-20,,,
1970-01-21,,,
1970-01-22,,,
1970-01-23,,,
1970-01-24,,,
1970-01-25,,,
1970-01-26,,,
1970-01-27,,,
1970-01-28,,,
1970-01-29,,,
1970-01-30,,,
1970-01-31,,,
1970-02-01,,,
1970-02-02,,,
1970-02-03,,,
1970-02-04,,,
1970-02-05,,,
1970-02-06,,,
1970-02-07,,,
1970-02-08,,,
1970-02-09,,,
1970-02-10,,,
1970-02-11,,,
1970-02-12,,,
1970-02-13,,,
1970-02-14,,,
1970-02-15,,,
1970-02-16,,,
1970-02-17,,,
1970-02-18,,,
1970-02-19,,,
1970-02-20,,,
1970-02-21,,,
1970-02-22,,,
1970-02-23,,,
1970-02-24,,,
1970-02-25,,,
1970-02-26,,,
1970-02-27,,,
1970-02-28,,,
1970-03-01,,,
1970-03-02,,,
1970-03-03,,,
1970-03-04,,,
1970-03-05,,,
1970-03-06,,,
1970-03-07,,,
1970-03-08,,,
1970-03-09,,,
1970-03-10,,,
1970-03-11,,,
1970-03-12,,,
1970-03-13,,,
1970-03-14,,,
1970-03-15,,,
1970-03-16,,,
1970-03-17,,,
1970-03-18,,,
1970-03-19,,,
1970-03-20,,,
1970-03-21,,,
1970-03-22,,,
1970-03-23,,,
1970-03-24,,,
1970-03-25,,,
1970-03-26,,,
1970-03-27,,,
1970-03-28,,,
1970-03-29,,,
1970-03-30,,,
1970-03-31,,,
1970-04-01,,,
1970-04-02,,,
1970-04-03,,,
1970-04-04,,,
1970-04-05,,,
1970-04-06,,,
1970-04-07,,,
1970-04-08,,,
1970-04-09,,,
1970-04-10,,,
1970-04-11,,,
1970-04-12,,,
1970-04-13,,,
1970-04-14,,,
1970-04-15,,,
1970-04-16,,,
1970-04-17,,,
1970-04-18,,,
1970-04-19,,,
1970-04-20,,,
1970-04-21,,,
1970-04-22,,,
1970-04-23,,,
1970-04-24,,,
1970-04-25,,,
1970-04-26,,,
1970-04-27,,,
1970-04-28,,,
1970-04-29,,,
1970-04-30,,,
1970-05-01,,,
1970-05-02,,,
1970-05-03,,,
1970-05-04,,,
1970-05-05,,,
1970-05-06,,,
1970-05-07,,,
1970-05-08,,,
1970-05-09,,,
1970-05-10,,,
1970-05-11,,,
1970-05-12,,,
1970-05-13,,,
1970-05-14,,,
1970-05-15,,,
1970-05-16,,,
1970-05-17,,,
1970-05-18,,,
1970-05-19,,,
1970-05-20,,,
1970-05-21,,,
1970-05-22,,,
1970-05-23,,,
1970-05-24,,,
1970-05-25,,,
1970-05-26,,,
1970-05-27,,,
1970-05-28,,,
1970-05-29,,,
1970-05-30,,,
1970-05-31,,,
1970-06-01,,,
1970-06-02,,,
1970-06-03,,,
1970-06-04,,,
1970-06-05,,,
1970-06-06,,,
1970-06-07,,,
1970-06-08,,,
1970-06-09,,,
1970-06-10,,,
1970-06-11,,,
1970-06-12,,,
1970-06-13,,,
1970-06-14,,,
1970-06-15,,,
1970-06-16,,,
1970-06-17,,,
1970-06-18,,,
1970-06-19,,,
1970-06-20,,,
1970-06-21,,,
1970-06-22,,,
1970-06-23,,,
1970-06-24,,,
1970-06-25,,,
1970-06-26,,,
1970-06-27,,,
1970-06-28,,,
1970-06-29,,,
1970-06-30,,,
1970-07-01,,,
1970-07-02,,,
1970-07-03,,,
1970-07-04,,,
1970-07-05,,,
1970-07-06,,,
1970-07-07,,,
1970-07-08,,,
1970-07-09,,,
1970-07-10,,,
1970-07-11,,,
1970-07-12,,,
1970-07-13,,,
1970-07-14,,,
1970-07-15,,,
1970-07-16,,,
1970-07-17,,,
1970-07-18,,,
1970-07-19,,,
1970-07-20,,,
1970-07-21,,,
1970-07-22,,,
1970-07-23,,,
1970-07-24,,,
1970-07-25,,,
1970-07-26,,,
1970-07-27,,,
1970-07-28,,,
1970-07-29,,,
1970-07-30,,,
1970-07-31,,,
1970-08-01,,,
1970-08-02,,,
1970-08-03,,,
1970-08-04,,,
1970-08-05,,,
1970-08-06,,,
1970-08-07,,,
1970-08-08,,,
1970-08-09,,,
1970-08-10,,,
1970-08-11,,,
1970-08-12,,,
1970-08-13,,,
1970-08-14,,,
1970-08-15,,,
1970-08-16,,,
1970-08-17,,,
1970-08-18,,,
1970-08-19,,,
1970-08-20,,,
1970-08-21,,,
1970-08-22,,,
1970-08-23,,,
1970-08-24,,,
1970-08-25,,,
1970-08-26,,,
1970-08-27,,,
1970-08-28,,,
1970-08-29,,,
1970-08-30,,,
1970-08-31,,,
1970-09-01,,,
1970-09-02,,,
1970-09-03,,,
1970-09-04,,,
1970-09-05,,,
1970-09-06,,,
1970-09-07,,,
1970-09-08,,,
1970-09-09,,,
1970-09-10,,,
1970-09-11,,,
1970-09-12,,,
1970-09-13,,,
1970-09-14,,,
1970-09-15,,,
1970-09-16,,,
1970-09-17,,,
1970-09-18,,,
1970-09-19,,,
1970-09-20,,,
1970-09-21,,,
1970-09-22,,,
1970-09-23,,,
1970-09-24,,,
1970-09-25,,,
1970-09-26,,,
1970-09-27,,,
1970-09-28,,,
1970-09-29,,,
1970-09-30,,,
1970-10-01,,,
1970-10-02,,,
1970-10-03,,,
1970-10-04,,,
1970-10-05,,,
1970-10-06,,,
1970-10-07,,,
1970-10-08,,,
1970-10-09,,,
1970-10-10,,,
1970-10-11,,,
1970-10-12,,,
1970-10-13,,,
1970-10-14,,,
1970-10-15,,,
1970-10-16,,,
1970-10-17,,,
1970-10-18,,,
1970-10-19,,,
1970-10-20,,,
1970-10-21,,,
1970-10-22,,,
1970-10-23,,,
1970-10-24,,,
1970-10-25,,,
1970-10-26,,,
1970-10-27,,,
1970-10-28,,,
1970-10-29,,,
1970-10-30,,,
1970-10-31,,,
1970-11-01,,,
1970-11-02,,,
1970-11-03,,,
1970-11-04,,,
1970-11-05,,,
1970-11-06,,,
1970-11-07,,,
1970-11-08,,,
1970-11-09,,,
1970-11-10,,,
1970-11-11,,,
1970-11-12,,,
1970-11-13,,,
1970-11-14,,,
1970-11-15,,,
1970-11-16,,,
1970-11-17,,,
1970-11-18,,,
1970-11-19,,,
1970-11-20,,,
1970-11-21,,,
1970-11-22,,,
1970-11-23,,,
1970-11-24,,,
1970-11-25,,,
1970-11-26,,,
1970-11-27,,,
1970-11-28,,,
1970-11-29,,,
1970-11-30,,,
1970-12-01,,,
1970-12-02,,,
1970-12-03,,,
1970-12-04,,,
1970-12-05,,,
1970-12-06,,,
1970-12-07,,,
1970-12-08,,,
1970-12-09,,,
1970-12-10,,,
1970-12-11,,,
1970-12-12,,,
1970-12-13,,,
1970-12-14,,,
1970-12-15,,,
1970-12-16,,,
1970-12-17,,,
1970-12-18,,,
1970-12-19,,,
1970-12-20,,,
1970-12-21,,,
1970-12-22,,,
1970-12-23,,,
1970-12-24,,,
1970-12-25,,,
1970-12-26,,,
1970-12-27,,,
1970-12-28,,,
1970-12-29,,,
1970-12-30,,,
1970-12-31,,,
1971-01-01,,,
1971-01-02,,,
1971-01-03,,,
1971-01-04,,,
1971-01-05,,,
1971-01-06,,,
1971-01-07,,,
1971-01-08,,,
1971-01-09,,,
1971-01-10,,,
1971-01-11,,,
1971-01-12,,,
1971-01-13,,,
1971-01-14,,,
1971-01-15,,,
1971-01-16,,,
1971-01-17,,,
1971-01-18,,,
1971-01-19,,,
1971-01-20,,,
1971-01-21,,,
1971-01-22,,,
1971-01-23,,,
1971-01-24,,,
1971-01-25,,,
1971-01-26,,,
1971-01-27,,,
1971-01-28,,,
1971-01-29,,,
1971-01-30,,,
1971-01-31,,,
1971-02-01,,,
1971-02-02,,,
1971-02-03,,,
1971-02-04,,,
1971-02-05,,,
1971-02-06,,,
1971-02-07,,,
1971-02-08,,,
1971-02-09,,,
1971-02-10,,,
1971-02-11,,,
1971-02-12,,,
1971-02-13,,,
1971-02-14,,,
1971-02-15,,,
1971-02-16,,,
1971-02-17,,,
1971-02-18,,,
1971-02-19,,,
1971-02-20,,,
1971-02-21,,,
1971-02-22,,,
1971-02-23,,,
1971-02-24,,,
1971-02-25,,,
1971-02-26,,,
1971-02-27,,,
1971-02-28,,,
1971-03-01,,,
1971-03-02,,,
1971-03-03,,,
1971-03-04,,,
1971-03-05,,,
1971-03-06,,,
1971-03-07,,,
1971-03-08,,,
1971-03-09,,,
1971-03-10,,,
1971-03-11,,,
1971-03-12,,,
1971-03-13,,,
1971-03-14,,,
1971-03-15,,,
1971-03-16,,,
1971-03-17,,,
1971-03-18,,,
1971-03-19,,,
1971-03-20,,,
1971-03-21,,,
1971-03-22,,,
1971-03-23,,,
1971-03-24,,,
1971-03-25,,,
1971-03-26,,,
1971-03-27,,,
1971-03-28,,,
1971-03-29,,,
1971-03-30,,,
1971-03-31,,,
1971-04-01,,,
1971-04-02,,,
1971-04-03,,,
1971-04-04,,,
1971-04-05,,,
1971-04-06,,,
1971-04-07,,,
1971-04-08,,,
1971-04-09,,,
1971-04-10,,,
1971-04-11,,,
1971-04-12,,,
1971-04-13,,,
1971-04-14,,,
1971-04-15,,,
1971-04-16,,,
1971-04-17,,,
1971-04-18,,,
1971-04-19,,,
1971-04-20,,,
1971-04-21,,,
1971-04-22,,,
1971-04-23,,,
1971-04-24,,,
1971-04-25,,,
1971-04-26,,,
1971-04-27,,,
1971-04-28,,,
1971-04-29,,,
1971-04-30,,,
1971-05-01,,,
1971-05-02,,,
1971-05-03,,,
1971-05-04,,,
1971-05-05,,,
1971-05-06,,,
1971-05-07,,,
1971-05-08,,,
1971-05-09,,,
1971-05-10,,,
1971-05-11,,,
1971-05-12,,,
1971-05-13,,,
1971-05-14,,,
1971-05-15,,,
1971-05-16,,,
1971-05-17,,,
1971-05-18,,,
1971-05-19,,,
1971-05-20,,,
1971-05-21,,,
1971-05-22,,,
1971-05-23,,,
1971-05-24,,,
1971-05-25,,,
1971-05-26,,,
1971-05-27,,,
1971-05-28,,,
1971-05-29,,,
1971-05-30,,,
1971-05-31,,,
1971-06-01,,,
1971-06-02,,,
1971-06-03,,,
1971-06-04,,,
1971-06-05,,,
1971-06-06,,,
1971-06-07,,,
1971-06-08,,,
1971-06-09,,,
1971-06-10,,,
1971-06-11,,,
1971-06-12,,,
1971-06-13,,,
1971-06-14,,,
1971-06-15,,,
1971-06-16,,,
1971-06-17,,,
1971-06-18,,,
1971-06-19,,,
1971-06-20,,,
1971-06-21,,,
1971-06-22,,,
1971-06-23,,,
1971-06-24,,,
1971-06-25,,,
1971-06-26,,,
1971-06-27,,,
1971-06-28,,,
1971-06-29,,,
1971-06-30,,,
1971-07-01,,,
1971-07-02,,,
1971-07-03,,,
1971-07-04,,,
1971-07-05,,,
1971-07-06,,,
1971-07-07,,,
1971-07-08,,,
1971-07-09,,,
1971-07-10,,,
1971-07-11,,,
1971-07-12,,,
1971-07-13,,,
1971-07-14,,,
1971-07-15,,,
1971-07-16,,,
1971-07-17,,,
1971-07-18,,,
1971-07-19,,,
1971-07-20,,,
1971-07-21,,,
1971-07-22,,,
1971-07-23,,,
1971-07-24,,,
1971-07-25,,,
1971-07-26,,,
1971-07-27,,,
1971-07-28,,,
1971-07-29,,,
1971-07-30,,,
1971-07-31,,,
1971-08-01,,,
1971-08-02,,,
1971-08-03,,,
1971-08-04,,,
1971-08-05,,,
1971-08-06,,,
1971-08-07,,,
1971-08-08,,,
1971-08-09,,,
1971-08-10,,,
1971-08-11,,,
1971-08-12,,,
1971-08-13,,,
1971-08-14,,,
1971-08-15,,,
1971-08-16,,,
1971-08-17,,,
1971-08-18,,,
1971-08-19,,,
1971-08-20,,,
1971-08-21,,,
1971-08-22,,,
1971-08-23,,,
1971-08-24,,,
1971-08-25,,,
1971-08-26,,,
1971-08-27,,,
1971-08-28,,,
1971-08-29,,,
1971-08-30,,,
1971-08-31,,,
1971-09-01,,,
1971-09-02,,,
1971-09-03,,,
1971-09-04,,,
1971-09-05,,,
1971-09-06,,,
1971-09-07,,,
1971-09-08,,,
1971-09-09,,,
1971-09-10,,,
1971-09-11,,,
1971-09-12,,,
1971-09-13,,,
1971-09-14,,,
1971-09-15,,,
1971-09-16,,,
1971-09-17,,,
1971-09-18,,,
1971-09-19,,,
1971-09-20,,,
1971-09-21,,,
1971-09-22,,,
1971-09-23,,,
1971-09-24,,,
1971-09-25,,,
1971-09-26,,,
1971-09-27,,,
1971-09-28,,,
1971-09-29,,,
1971-09-30,,,
1971-10-01,,,
1971-10-02,,,
1971-10-03,,,
1971-10-04,,,
1971-10-05,,,
1971-10-06,,,
1971-10-07,,,
1971-10-08,,,
1971-10-09,,,
1971-10-10,,,
1971-10-11,,,
1971-10-12,,,
1971-10-13,,,
1971-10-14,,,
1971-10-15,,,
1971-10-16,,,
1971-10-17,,,
1971-10-18,,,
1971-10-19,,,
1971-10-20,,,
1971-10-21,,,
1971-10-22,,,
1971-10-23,,,
1971-10-24,,,
1971-10-25,,,
1971-10-26,,,
1971-10-27,,,
1971-10-28,,,
1971-10-29,,,
1971-10-30,,,
1971-10-31,,,
1971-11-01,,,
1971-11-02,,,
1971-11-03,,,
1971-11-04,,,
1971-11-05,,,
1971-11-06,,,
1971-11-07,,,
1971-11-08,,,
1971-11-09,,,
1971-11-10,,,
1971-11-11,,,
1971-11-12,,,
1971-11-13,,,
1971-11-14,,,
1971-11-15,,,
1971-11-16,,,
1971-11-17,,,
1971-11-18,,,
1971-11-19,,,
1971-11-20,,,
1971-11-21,,,
1971-11-22,,,
1971-11-23,,,
1971-11-24,,,
1971-11-25,,,
1971-11-26,,,
1971-11-27,,,
1971-11-28,,,
1971-11-29,,,
1971-11-30,,,
1971-12-01,,,
1971-12-02,,,
1971-12-03,,,
1971-12-04,,,
1971-12-05,,,
1971-12-06,,,
1971-12-07,,,
1971-12-08,,,
1971-12-09,,,
1971-12-10,,,
1971-12-11,,,
1971-12-12,,,
1971-12-13,,,
1971-12-14,,,
1971-12-15,,,
1971-12-16,,,
1971-12-17,,,
1971-12-18,,,
1971-12-19,,,
1971-12-20,,,
1971-12-21,,,
1971-12-22,,,
1971-12-23,,,
1971-12-24,,,
1971-12-25,,,
1971-12-26,,,
1971-12-27,,,
1971-12-28,,,
1971-12-29,,,
1971-12-30,,,
1971-12-31,,,
1972-01-01,,,
1972-01-02,,,
1972-01-03,,,
1972-01-04,,,
1972-01-05,,,
1972-01-06,,,
1972-01-07,,,
1972-01-08,,,
1972-01-09,,,
1972-01-10,,,
1972-01-11,,,
1972-01-12,,,
1972-01-13,,,
1972-01-14,,,
1972-01-15,,,
1972-01-16,,,
1972-01-17,,,
1972-01-18,,,
1972-01-19,,,
1972-01-20,,,
1972-01-21,,,
1972-01-22,,,
1972-01-23,,,
1972-01-24,,,
1972-01-25,,,
1972-01-26,,,
1972-01-27,,,
1972-01-28,,,
1972-01-29,,,
1972-01-30,,,
1972-01-31,,,
1972-02-01,,,
1972-02-02,,,
1972-02-03,,,
1972-02-04,,,
1972-02-05,,,
1972-02-06,,,
1972-02-07,,,
1972-02-08,,,
1972-02-09,,,
1972-02-10,,,
1972-02-11,,,
1972-02-12,,,
1972-02-13,,,
1972-02-14,,,
1972-02-15,,,
1972-02-16,,,
1972-02-17,,,
1972-02-18,,,
1972-02-19,,,
1972-02-20,,,
1972-02-21,,,
1972-02-22,,,
1972-02-23,,,
1972-02-24,,,
1972-02-25,,,
1972-02-26,,,
1972-02-27,,,
1972-02-28,,,
1972-02-29,,,
1972-03-01,,,
1972-03-02,,,
1972-03-03,,,
1972-03-04,,,
1972-03-05,,,
1972-03-06,,,
1972-03-07,,,
1972-03-08,,,
1972-03-09,,,
1972-03-10,,,
1972-03-11,,,
1972-03-12,,,
1972-03-13,,,
1972-03-14,,,
1972-03-15,,,
1972-03-16,,,
1972-03-17,,,
1972-03-18,,,
1972-03-19,,,
1972-03-20,,,
1972-03-21,,,
1972-03-22,,,
1972-03-23,,,
1972-03-24,,,
1972-03-25,,,
1972-03-26,,,
1972-03-27,,,
1972-03-28,,,
1972-03-29,,,
1972-03-30,,,
1972-03-31,,,
1972-04-01,,,
1972-04-02,,,
1972-04-03,,,
1972-04-04,,,
1972-04-05,,,
1972-04-06,,,
1972-04-07,,,
1972-04-08,,,
1972-04-09,,,
1972-04-10,,,
1972-04-11,,,
1972-04-12,,,
1972-04-13,,,
1972-04-14,,,
1972-04-15,,,
1972-04-16,,,
1972-04-17,,,
1972-04-18,,,
1972-04-19,,,
1972-04-20,,,
1972-04-21,,,
1972-04-22,,,
1972-04-23,,,
1972-04-24,,,
1972-04-25,,,
1972-04-26,,,
1972-04-27,,,
1972-04-28,,,
1972-04-29,,,
1972-04-30,,,
1972-05-01,,,
1972-05-02,,,
1972-05-03,,,
1972-05-04,,,
1972-05-05,,,
1972-05-06,,,
1972-05-07,,,
1972-05-08,,,
1972-05-09,,,
1972-05-10,,,
1972-05-11,,,
1972-05-12,,,
1972-05-13,,,
1972-05-14,,,
1972-05-15,,,
1972-05-16,,,
1972-05-17,,,
1972-05-18,,,
1972-05-19,,,
1972-05-20,,,
1972-05-21,,,
1972-05-22,,,
1972-05-23,,,
1972-05-24,,,
1972-05-25,,,
1972-05-26,,,
1972-05-27,,,
1972-05-28,,,
1972-05-29,,,
1972-05-30,,,
1972-05-31,,,
1972-06-01,0,24,10
1972-06-02,0,26,11
1972-06-03,0,29,15
1972-06-04,3.5,28,17
1972-06-05,2,23,11
1972-06-06,16,23,16
1972-06-07,35,22,14
1972-06-08,0,24,16
1972-06-09,2,20,13
1972-06-10,0,29,15
1972-06-11,15.5,28,14
1972-06-12,0,26,15
1972-06-13,0,28,18
1972-06-14,0,29,15
1972-06-15,1,30,18
1972-06-16,0,28,18
1972-06-17,0,27,19
1972-06-18,0,32,14
1972-06-19,0,32,19
1972-06-20,0,33,21
1972-06-21,0,35,20
1972-06-22,0,33,20
1972-06-23,0,31,21
1972-06-24,2,33,21
1972-06-25,0,32,21
1972-06-26,0,26,17
1972-06-27,0,29,20
1972-06-28,0,31,23
1972-06-29,0,34,20
1972-06-30,0,32,18
1972-07-01,0,34,19
1972-07-02,0,33,15
1972-07-03,0,28,21
1972-07-04,0,29,19
1972-07-05,0,26,18
1972-07-06,0,30,17
1972-07-07,1.5,31,17
1972-07-08,0,33,19
1972-07-09,8,31,17
1972-07-10,0,30,18
1972-07-11,3.5,29,19
1972-07-12,0,30,18
1972-07-13,3,23,18
1972-07-14,0,26,18
1972-07-15,0,28,16
1972-07-16,18,28,16
1972-07-17,0,25,17
1972-07-18,2,27,19
1972-07-19,0,27,18
1972-07-20,4.5,27,17
1972-07-21,2,24,19
1972-07-22,0,28,17
1972-07-23,0,26,15
1972-07-24,0,27,17
1972-07-25,0,28,17
1972-07-26,0,28,16
1972-07-27,1,29,20
1972-07-28,0,30,19
1972-07-29,0,29,17
1972-07-30,0,31,13
1972-07-31,0,33,17
1972-08-01,,,
1972-08-02,,,
1972-08-03,,,
1972-08-04,,,
1972-08-05,,,
1972-08-06,,,
1972-08-07,,,
1972-08-08,,,
1972-08-09,,,
1972-08-10,,,
1972-08-11,,,
1972-08-12,,,
1972-08-13,,,
1972-08-14,,,
1972-08-15,,,
1972-08-16,,,
1972-08-17,,,
1972-08-18,,,
1972-08-19,,,
1972-08-20,,,
1972-08-21,,,
1972-08-22,,,
1972-08-23,,,
1972-08-24,,,
1972-08-25,,,
1972-08-26,,,
1972-08-27,,,
1972-08-28,,,
1972-08-29,,,
1972-08-30,,,
1972-08-31,,,
1972-09-01,,,
1972-09-02,,,
1972-09-03,,,
1972-09-04,,,
1972-09-05,,,
1972-09-06,,,
1972-09-07,,,
1972-09-08,,,
1972-09-09,,,
1972-09-10,,,
1972-09-11,,,
1972-09-12,,,
1972-09-13,,,
1972-09-14,,,
1972-09-15,,,
1972-09-16,,,
1972-09-17,,,
1972-09-18,,,
1972-09-19,,,
1972-09-20,,,
1972-09-21,,,
1972-09-22,,,
1972-09-23,,,
1972-09-24,,,
1972-09-25,,,
1972-09-26,,,
1972-09-27,,,
1972-09-28,,,
1972-09-29,,,
1972-09-30,,,
1972-10-01,,,
1972-10-02,,,
1972-10-03,,,
1972-10-04,,,
1972-10-05,,,
1972-10-06,,,
1972-10-07,,,
1972-10-08,,,
1972-10-09,,,
1972-10-10,,,
1972-10-11,,,
1972-10-12,,,
1972-10-13,,,
1972-10-14,,,
1972-10-15,,,
1972-10-16,,,
1972-10-17,,,
1972-10-18,,,
1972-10-19,,,
1972-10-20,,,
1972-10-21,,,
1972-10-22,,,
1972-10-23,,,
1972-10-24,,,
1972-10-25,,,
1972-10-26,,,
1972-10-27,,,
1972-10-28,,,
1972-10-29,,,
1972-10-30,,,
1972-10-31,,,
1972-11-01,0,23,-2
1972-11-02,0,25,2
1972-11-03,0,23,6
1972-11-04,0,25,5
1972-11-05,0,25,9
1972-11-06,0,24,8
1972-11-07,0,27,7
1972-11-08,0,26,4
1972-11-09,0,25,7
1972-11-10,0,16,3
1972-11-11,0,23,3
1972-11-12,0,21,4
1972-11-13,0,21,3
1972-11-14,0,26,2
1972-11-15,0,22,2
1972-11-16,0,17,3
1972-11-17,0,18,2
1972-11-18,0,25,1
1972-11-19,0,25,3
1972-11-20,0,26,2
1972-11-21,0,11,-1
1972-11-22,19,11,1
1972-11-23,6,17,2
1972-11-24,0,17,2
1972-11-25,0,21,0
1972-11-26,0,20,6
1972-11-27,0,18,3
1972-11-28,0,16,2
1972-11-29,0,16,-1
1972-11-30,0,17,-2
1972-12-01,0,23,3
1972-12-02,0,18,4
1972-12-03,0,20,-5
1972-12-04,0,22,-6
1972-12-05,0,20,2
1972-12-06,0,24,3
1972-12-07,0,23,6
1972-12-08,0,22,4
1972-12-09,0,23,6
1972-12-10,0,24,-4
1972-12-11,0,25,4
1972-12-12,0,23,4
1972-12-13,0,21,-2
1972-12-14,0,20,-1
1972-12-15,0,18,-2
1972-12-16,0,18,-6
1972-12-17,0,13,-6
1972-12-18,0,22,-2
1972-12-19,0,20,4
1972-12-20,0,17,5
1972-12-21,0,19,-4
1972-12-22,0,18,-2
1972-12-23,0,19,-1
1972-12-24,0,17,1
1972-12-25,0,16,1
1972-12-26,0,16,5
1972-12-27,0,17.5,5
1972-12-28,0,19,5
1972-12-29,0,19,6.5
1972-12-30,0,21,11
1972-12-31,0,19,-2
